run_id,timestamp,scenario_network,mode,run_number,target_route,navigation_latency_ms,ttfb_ms,cache_hit,prefetched,request_volume,payload_bytes
1,2026-09-26T16:16:08.779Z,"Broadband","BASELINE",1,"/products/8",40.56,24.5,0,0,1,3240
2,2026-09-26T16:16:20.782Z,"Broadband","BASELINE",2,"/products/15",50.92,27.69,0,0,1,3240
3,2026-09-26T16:16:32.782Z,"Broadband","BASELINE",3,"/products/22",26.14,12.89,0,0,1,3240
4,2026-09-26T16:16:44.782Z,"Broadband","BASELINE",4,"/products/29",45.99,27.37,0,0,1,3240
5,2026-09-26T16:16:56.782Z,"Broadband","BASELINE",5,"/products/36",39.97,24.38,0,0,1,3240
6,2026-09-26T16:17:08.783Z,"Broadband","BASELINE",6,"/products/43",35.46,23.38,0,0,1,3240
7,2026-09-26T16:17:20.783Z,"Broadband","BASELINE",7,"/products/50",36.8,11.78,0,0,1,3240
8,2026-09-26T16:17:32.783Z,"Broadband","BASELINE",8,"/products/7",36.28,20.37,0,0,1,3240
9,2026-09-26T16:17:44.783Z,"Broadband","BASELINE",9,"/products/14",45.1,23.97,0,0,1,3240
10,2026-09-26T16:17:56.783Z,"Broadband","BASELINE",10,"/products/21",35.85,19.15,0,0,1,3240
11,2026-09-26T16:18:08.783Z,"Broadband","BASELINE",11,"/products/28",41.85,21.53,0,0,1,3240
12,2026-09-26T16:18:20.783Z,"Broadband","BASELINE",12,"/products/35",48.4,29.18,0,0,1,3240
13,2026-09-26T16:18:32.783Z,"Broadband","BASELINE",13,"/products/42",50.35,26.24,0,0,1,3240
14,2026-09-26T16:18:44.783Z,"Broadband","BASELINE",14,"/products/49",45.3,23.49,0,0,1,3240
15,2026-09-26T16:18:56.783Z,"Broadband","BASELINE",15,"/products/6",48.3,26.78,0,0,1,3240
16,2026-09-26T16:19:08.783Z,"Broadband","BASELINE",16,"/products/13",34.15,19.18,0,0,1,3240
17,2026-09-26T16:19:20.783Z,"Broadband","BASELINE",17,"/products/20",38.3,19.92,0,0,1,3240
18,2026-09-26T16:19:32.783Z,"Broadband","BASELINE",18,"/products/27",34.39,18.43,0,0,1,3240
19,2026-09-26T16:19:44.783Z,"Broadband","BASELINE",19,"/products/34",45.94,30.68,0,0,1,3240
20,2026-09-26T16:19:56.783Z,"Broadband","BASELINE",20,"/products/41",32.72,17.15,0,0,1,3240
21,2026-09-26T16:20:08.783Z,"Broadband","BASELINE",21,"/products/48",43.92,27.22,0,0,1,3240
22,2026-09-26T16:20:20.783Z,"Broadband","BASELINE",22,"/products/5",36.76,19.87,0,0,1,3240
23,2026-09-26T16:20:32.783Z,"Broadband","BASELINE",23,"/products/12",41.75,25.85,0,0,1,3240
24,2026-09-26T16:20:44.783Z,"Broadband","BASELINE",24,"/products/19",41.26,22.8,0,0,1,3240
25,2026-09-26T16:20:56.783Z,"Broadband","BASELINE",25,"/products/26",36.99,18.84,0,0,1,3240
26,2026-09-26T16:21:08.783Z,"Broadband","BASELINE",26,"/products/33",50.81,33.13,0,0,1,3240
27,2026-09-26T16:21:20.783Z,"Broadband","BASELINE",27,"/products/40",47.68,25.76,0,0,1,3240
28,2026-09-26T16:21:32.783Z,"Broadband","BASELINE",28,"/products/47",45.13,22.51,0,0,1,3240
29,2026-09-26T16:21:44.783Z,"Broadband","BASELINE",29,"/products/4",33.31,21.93,0,0,1,3240
30,2026-09-26T16:21:56.783Z,"Broadband","BASELINE",30,"/products/11",35.15,19.21,0,0,1,3240
31,2026-09-26T16:22:08.783Z,"Broadband","OPTIMIZED",1,"/products/8",42.24,22.45,0,0,1,3240
32,2026-09-26T16:22:20.783Z,"Broadband","OPTIMIZED",2,"/products/15",4.59,1.09,1,1,1,3240
33,2026-09-26T16:22:32.783Z,"Broadband","OPTIMIZED",3,"/products/22",33.52,17.24,0,0,1,3240
34,2026-09-26T16:22:44.783Z,"Broadband","OPTIMIZED",4,"/products/29",5.51,1.01,1,1,1,3240
35,2026-09-26T16:22:56.783Z,"Broadband","OPTIMIZED",5,"/products/36",3.56,1.8,1,1,1,3240
36,2026-09-26T16:23:08.783Z,"Broadband","OPTIMIZED",6,"/products/43",3.61,1.17,1,1,1,3240
37,2026-09-26T16:23:20.783Z,"Broadband","OPTIMIZED",7,"/products/50",40.03,23.72,0,0,2,3240
38,2026-09-26T16:23:32.783Z,"Broadband","OPTIMIZED",8,"/products/7",31.02,18.11,0,0,2,3240
39,2026-09-26T16:23:44.783Z,"Broadband","OPTIMIZED",9,"/products/14",4.1,1.54,1,1,1,3240
40,2026-09-26T16:23:56.783Z,"Broadband","OPTIMIZED",10,"/products/21",4.54,1.77,1,1,1,3240
41,2026-09-26T16:24:08.783Z,"Broadband","OPTIMIZED",11,"/products/28",5.52,1,1,1,1,3240
42,2026-09-26T16:24:20.783Z,"Broadband","OPTIMIZED",12,"/products/35",41.83,20.46,0,0,2,3240
43,2026-09-26T16:24:32.783Z,"Broadband","OPTIMIZED",13,"/products/42",39.14,26.38,0,0,1,3240
44,2026-09-26T16:24:44.783Z,"Broadband","OPTIMIZED",14,"/products/49",3.87,1.54,1,1,1,3240
45,2026-09-26T16:24:56.783Z,"Broadband","OPTIMIZED",15,"/products/6",35.79,21.97,0,0,1,3240
46,2026-09-26T16:25:08.783Z,"Broadband","OPTIMIZED",16,"/products/13",40.73,18.03,0,0,2,3240
47,2026-09-26T16:25:20.783Z,"Broadband","OPTIMIZED",17,"/products/20",46.28,27.27,0,0,2,3240
48,2026-09-26T16:25:32.783Z,"Broadband","OPTIMIZED",18,"/products/27",5.43,1,1,1,1,3240
49,2026-09-26T16:25:44.783Z,"Broadband","OPTIMIZED",19,"/products/34",2.37,1,1,1,1,3240
50,2026-09-26T16:25:56.783Z,"Broadband","OPTIMIZED",20,"/products/41",34.66,24.33,0,0,2,3240
51,2026-09-26T16:26:08.783Z,"Broadband","OPTIMIZED",21,"/products/48",5.07,1.04,1,1,1,3240
52,2026-09-26T16:26:20.783Z,"Broadband","OPTIMIZED",22,"/products/5",36.21,15.89,0,0,2,3240
53,2026-09-26T16:26:32.783Z,"Broadband","OPTIMIZED",23,"/products/12",35.71,18.21,0,0,2,3240
54,2026-09-26T16:26:44.783Z,"Broadband","OPTIMIZED",24,"/products/19",4.36,1.19,1,1,1,3240
55,2026-09-26T16:26:56.783Z,"Broadband","OPTIMIZED",25,"/products/26",40,20.15,0,0,2,3240
56,2026-09-26T16:27:08.783Z,"Broadband","OPTIMIZED",26,"/products/33",3.52,1.04,1,1,1,3240
57,2026-09-26T16:27:20.783Z,"Broadband","OPTIMIZED",27,"/products/40",34.59,13.54,0,0,2,3240
58,2026-09-26T16:27:32.783Z,"Broadband","OPTIMIZED",28,"/products/47",4.88,1.2,1,1,1,3240
59,2026-09-26T16:27:44.783Z,"Broadband","OPTIMIZED",29,"/products/4",34.34,16.9,0,0,1,3240
60,2026-09-26T16:27:56.783Z,"Broadband","OPTIMIZED",30,"/products/11",46.77,22.29,0,0,1,3240
61,2026-09-26T16:28:08.783Z,"Fast 4G","BASELINE",1,"/products/8",109.42,91.52,0,0,1,3240
62,2026-09-26T16:28:20.783Z,"Fast 4G","BASELINE",2,"/products/15",91.13,70.3,0,0,1,3240
63,2026-09-26T16:28:32.783Z,"Fast 4G","BASELINE",3,"/products/22",118.63,103.46,0,0,1,3240
64,2026-09-26T16:28:44.783Z,"Fast 4G","BASELINE",4,"/products/29",112.57,89.67,0,0,1,3240
65,2026-09-26T16:28:56.783Z,"Fast 4G","BASELINE",5,"/products/36",121.23,96.83,0,0,1,3240
66,2026-09-26T16:29:08.783Z,"Fast 4G","BASELINE",6,"/products/43",112.53,95.25,0,0,1,3240
67,2026-09-26T16:29:20.783Z,"Fast 4G","BASELINE",7,"/products/50",104.42,83.93,0,0,1,3240
68,2026-09-26T16:29:32.783Z,"Fast 4G","BASELINE",8,"/products/7",134.86,117.02,0,0,1,3240
69,2026-09-26T16:29:44.783Z,"Fast 4G","BASELINE",9,"/products/14",75.65,59.69,0,0,1,3240
70,2026-09-26T16:29:56.783Z,"Fast 4G","BASELINE",10,"/products/21",126.1,107.83,0,0,1,3240
71,2026-09-26T16:30:08.783Z,"Fast 4G","BASELINE",11,"/products/28",99.83,82.41,0,0,1,3240
72,2026-09-26T16:30:20.783Z,"Fast 4G","BASELINE",12,"/products/35",97.33,73.11,0,0,1,3240
73,2026-09-26T16:30:32.783Z,"Fast 4G","BASELINE",13,"/products/42",135.45,116.66,0,0,1,3240
74,2026-09-26T16:30:44.783Z,"Fast 4G","BASELINE",14,"/products/49",132.77,111.16,0,0,1,3240
75,2026-09-26T16:30:56.783Z,"Fast 4G","BASELINE",15,"/products/6",120.05,98.86,0,0,1,3240
76,2026-09-26T16:31:08.783Z,"Fast 4G","BASELINE",16,"/products/13",105.18,88.17,0,0,1,3240
77,2026-09-26T16:31:20.783Z,"Fast 4G","BASELINE",17,"/products/20",101.97,88.29,0,0,1,3240
78,2026-09-26T16:31:32.783Z,"Fast 4G","BASELINE",18,"/products/27",109.11,94.07,0,0,1,3240
79,2026-09-26T16:31:44.783Z,"Fast 4G","BASELINE",19,"/products/34",95.4,78.7,0,0,1,3240
80,2026-09-26T16:31:56.783Z,"Fast 4G","BASELINE",20,"/products/41",107,93.12,0,0,1,3240
81,2026-09-26T16:32:08.783Z,"Fast 4G","BASELINE",21,"/products/48",80.64,66.32,0,0,1,3240
82,2026-09-26T16:32:20.783Z,"Fast 4G","BASELINE",22,"/products/5",124.83,106.37,0,0,1,3240
83,2026-09-26T16:32:32.783Z,"Fast 4G","BASELINE",23,"/products/12",119.71,102.64,0,0,1,3240
84,2026-09-26T16:32:44.783Z,"Fast 4G","BASELINE",24,"/products/19",119.95,97.84,0,0,1,3240
85,2026-09-26T16:32:56.783Z,"Fast 4G","BASELINE",25,"/products/26",121.51,99.82,0,0,1,3240
86,2026-09-26T16:33:08.783Z,"Fast 4G","BASELINE",26,"/products/33",133.55,114.46,0,0,1,3240
87,2026-09-26T16:33:20.783Z,"Fast 4G","BASELINE",27,"/products/40",80.14,62.88,0,0,1,3240
88,2026-09-26T16:33:32.783Z,"Fast 4G","BASELINE",28,"/products/47",110.88,93.37,0,0,1,3240
89,2026-09-26T16:33:44.783Z,"Fast 4G","BASELINE",29,"/products/4",127.27,110.72,0,0,1,3240
90,2026-09-26T16:33:56.783Z,"Fast 4G","BASELINE",30,"/products/11",129.64,113.34,0,0,1,3240
91,2026-09-26T16:34:08.783Z,"Fast 4G","OPTIMIZED",1,"/products/8",4.6,1.62,1,1,1,3240
92,2026-09-26T16:34:20.783Z,"Fast 4G","OPTIMIZED",2,"/products/15",112.96,95.47,0,0,2,3240
93,2026-09-26T16:34:32.783Z,"Fast 4G","OPTIMIZED",3,"/products/22",110.82,90.64,0,0,2,3240
94,2026-09-26T16:34:44.783Z,"Fast 4G","OPTIMIZED",4,"/products/29",6.49,1.37,1,1,1,3240
95,2026-09-26T16:34:56.783Z,"Fast 4G","OPTIMIZED",5,"/products/36",3.57,1.45,1,1,1,3240
96,2026-09-26T16:35:08.783Z,"Fast 4G","OPTIMIZED",6,"/products/43",3.71,1.23,1,1,1,3240
97,2026-09-26T16:35:20.783Z,"Fast 4G","OPTIMIZED",7,"/products/50",3.57,1.54,1,1,1,3240
98,2026-09-26T16:35:32.783Z,"Fast 4G","OPTIMIZED",8,"/products/7",97.48,81.7,0,0,2,3240
99,2026-09-26T16:35:44.783Z,"Fast 4G","OPTIMIZED",9,"/products/14",4.1,1.75,1,1,1,3240
100,2026-09-26T16:35:56.783Z,"Fast 4G","OPTIMIZED",10,"/products/21",3.81,1.42,1,1,1,3240
101,2026-09-26T16:36:08.783Z,"Fast 4G","OPTIMIZED",11,"/products/28",3.82,1.25,1,1,1,3240
102,2026-09-26T16:36:20.783Z,"Fast 4G","OPTIMIZED",12,"/products/35",3.21,1.14,1,1,1,3240
103,2026-09-26T16:36:32.783Z,"Fast 4G","OPTIMIZED",13,"/products/42",108.61,94.24,0,0,2,3240
104,2026-09-26T16:36:44.783Z,"Fast 4G","OPTIMIZED",14,"/products/49",2.53,1,1,1,1,3240
105,2026-09-26T16:36:56.783Z,"Fast 4G","OPTIMIZED",15,"/products/6",102.35,84.46,0,0,2,3240
106,2026-09-26T16:37:08.783Z,"Fast 4G","OPTIMIZED",16,"/products/13",129.91,115.58,0,0,2,3240
107,2026-09-26T16:37:20.783Z,"Fast 4G","OPTIMIZED",17,"/products/20",5.05,1.19,1,1,1,3240
108,2026-09-26T16:37:32.783Z,"Fast 4G","OPTIMIZED",18,"/products/27",3.47,1.15,1,1,1,3240
109,2026-09-26T16:37:44.783Z,"Fast 4G","OPTIMIZED",19,"/products/34",3.94,1.28,1,1,1,3240
110,2026-09-26T16:37:56.783Z,"Fast 4G","OPTIMIZED",20,"/products/41",99.98,85.58,0,0,1,3240
111,2026-09-26T16:38:08.783Z,"Fast 4G","OPTIMIZED",21,"/products/48",76.26,60.01,0,0,1,3240
112,2026-09-26T16:38:20.783Z,"Fast 4G","OPTIMIZED",22,"/products/5",128.76,108.01,0,0,1,3240
113,2026-09-26T16:38:32.783Z,"Fast 4G","OPTIMIZED",23,"/products/12",6.31,1.34,1,1,1,3240
114,2026-09-26T16:38:44.783Z,"Fast 4G","OPTIMIZED",24,"/products/19",5.91,1.26,1,1,1,3240
115,2026-09-26T16:38:56.783Z,"Fast 4G","OPTIMIZED",25,"/products/26",4.39,1.42,1,1,1,3240
116,2026-09-26T16:39:08.783Z,"Fast 4G","OPTIMIZED",26,"/products/33",5.58,1.34,1,1,1,3240
117,2026-09-26T16:39:20.783Z,"Fast 4G","OPTIMIZED",27,"/products/40",4.16,1,1,1,1,3240
118,2026-09-26T16:39:32.783Z,"Fast 4G","OPTIMIZED",28,"/products/47",3.36,1.49,1,1,1,3240
119,2026-09-26T16:39:44.783Z,"Fast 4G","OPTIMIZED",29,"/products/4",3.66,1.14,1,1,1,3240
120,2026-09-26T16:39:56.783Z,"Fast 4G","OPTIMIZED",30,"/products/11",4.28,1.21,1,1,1,3240
121,2026-09-26T16:40:08.784Z,"Throttled 3G","BASELINE",1,"/products/8",525.39,508.94,0,0,1,3240
122,2026-09-26T16:40:20.784Z,"Throttled 3G","BASELINE",2,"/products/15",366.55,348.58,0,0,1,3240
123,2026-09-26T16:40:32.784Z,"Throttled 3G","BASELINE",3,"/products/22",403.97,384.69,0,0,1,3240
124,2026-09-26T16:40:44.784Z,"Throttled 3G","BASELINE",4,"/products/29",345.62,325.95,0,0,1,3240
125,2026-09-26T16:40:56.784Z,"Throttled 3G","BASELINE",5,"/products/36",415.91,393.09,0,0,1,3240
126,2026-09-26T16:41:08.784Z,"Throttled 3G","BASELINE",6,"/products/43",419.87,397.06,0,0,1,3240
127,2026-09-26T16:41:20.784Z,"Throttled 3G","BASELINE",7,"/products/50",439.14,419.51,0,0,1,3240
128,2026-09-26T16:41:32.784Z,"Throttled 3G","BASELINE",8,"/products/7",402.76,383.53,0,0,1,3240
129,2026-09-26T16:41:44.784Z,"Throttled 3G","BASELINE",9,"/products/14",394.88,380.76,0,0,1,3240
130,2026-09-26T16:41:56.784Z,"Throttled 3G","BASELINE",10,"/products/21",392.54,371.71,0,0,1,3240
131,2026-09-26T16:42:08.784Z,"Throttled 3G","BASELINE",11,"/products/28",410.39,393.54,0,0,1,3240
132,2026-09-26T16:42:20.784Z,"Throttled 3G","BASELINE",12,"/products/35",419.2,400.65,0,0,1,3240
133,2026-09-26T16:42:32.784Z,"Throttled 3G","BASELINE",13,"/products/42",342.59,323.11,0,0,1,3240
134,2026-09-26T16:42:44.784Z,"Throttled 3G","BASELINE",14,"/products/49",489.24,467.66,0,0,1,3240
135,2026-09-26T16:42:56.784Z,"Throttled 3G","BASELINE",15,"/products/6",437.63,421.9,0,0,1,3240
136,2026-09-26T16:43:08.784Z,"Throttled 3G","BASELINE",16,"/products/13",375.31,357.26,0,0,1,3240
137,2026-09-26T16:43:20.784Z,"Throttled 3G","BASELINE",17,"/products/20",351.89,329.75,0,0,1,3240
138,2026-09-26T16:43:32.784Z,"Throttled 3G","BASELINE",18,"/products/27",452.14,441.83,0,0,1,3240
139,2026-09-26T16:43:44.784Z,"Throttled 3G","BASELINE",19,"/products/34",457.67,437,0,0,1,3240
140,2026-09-26T16:43:56.784Z,"Throttled 3G","BASELINE",20,"/products/41",333.54,312,0,0,1,3240
141,2026-09-26T16:44:08.784Z,"Throttled 3G","BASELINE",21,"/products/48",331.47,310.74,0,0,1,3240
142,2026-09-26T16:44:20.784Z,"Throttled 3G","BASELINE",22,"/products/5",352.49,335.18,0,0,1,3240
143,2026-09-26T16:44:32.784Z,"Throttled 3G","BASELINE",23,"/products/12",481.79,462.48,0,0,1,3240
144,2026-09-26T16:44:44.784Z,"Throttled 3G","BASELINE",24,"/products/19",426.74,411.44,0,0,1,3240
145,2026-09-26T16:44:56.784Z,"Throttled 3G","BASELINE",25,"/products/26",406.32,385.64,0,0,1,3240
146,2026-09-26T16:45:08.784Z,"Throttled 3G","BASELINE",26,"/products/33",360.88,342,0,0,1,3240
147,2026-09-26T16:45:20.784Z,"Throttled 3G","BASELINE",27,"/products/40",434.57,416.42,0,0,1,3240
148,2026-09-26T16:45:32.784Z,"Throttled 3G","BASELINE",28,"/products/47",418.13,399.58,0,0,1,3240
149,2026-09-26T16:45:44.784Z,"Throttled 3G","BASELINE",29,"/products/4",386.37,368.73,0,0,1,3240
150,2026-09-26T16:45:56.784Z,"Throttled 3G","BASELINE",30,"/products/11",374.05,359.8,0,0,1,3240
151,2026-09-26T16:46:08.784Z,"Throttled 3G","OPTIMIZED",1,"/products/8",431.49,413.34,0,0,1,3240
152,2026-09-26T16:46:20.784Z,"Throttled 3G","OPTIMIZED",2,"/products/15",461.49,443.46,0,0,2,3240
153,2026-09-26T16:46:32.784Z,"Throttled 3G","OPTIMIZED",3,"/products/22",3.3,1.05,1,1,1,3240
154,2026-09-26T16:46:44.784Z,"Throttled 3G","OPTIMIZED",4,"/products/29",373.1,354.88,0,0,1,3240
155,2026-09-26T16:46:56.784Z,"Throttled 3G","OPTIMIZED",5,"/products/36",3.5,1.21,1,1,1,3240
156,2026-09-26T16:47:08.784Z,"Throttled 3G","OPTIMIZED",6,"/products/43",4.84,1,1,1,1,3240
157,2026-09-26T16:47:20.784Z,"Throttled 3G","OPTIMIZED",7,"/products/50",3.2,1.02,1,1,1,3240
158,2026-09-26T16:47:32.784Z,"Throttled 3G","OPTIMIZED",8,"/products/7",5.93,1,1,1,1,3240
159,2026-09-26T16:47:44.784Z,"Throttled 3G","OPTIMIZED",9,"/products/14",450.13,433.83,0,0,1,3240
160,2026-09-26T16:47:56.784Z,"Throttled 3G","OPTIMIZED",10,"/products/21",4.91,1.36,1,1,1,3240
161,2026-09-26T16:48:08.784Z,"Throttled 3G","OPTIMIZED",11,"/products/28",5.35,1,1,1,1,3240
162,2026-09-26T16:48:20.784Z,"Throttled 3G","OPTIMIZED",12,"/products/35",3.71,1.48,1,1,1,3240
163,2026-09-26T16:48:32.784Z,"Throttled 3G","OPTIMIZED",13,"/products/42",5.34,1,1,1,1,3240
164,2026-09-26T16:48:44.784Z,"Throttled 3G","OPTIMIZED",14,"/products/49",485.63,471.54,0,0,1,3240
165,2026-09-26T16:48:56.784Z,"Throttled 3G","OPTIMIZED",15,"/products/6",5.24,1.01,1,1,1,3240
166,2026-09-26T16:49:08.784Z,"Throttled 3G","OPTIMIZED",16,"/products/13",458.63,444.79,0,0,2,3240
167,2026-09-26T16:49:20.784Z,"Throttled 3G","OPTIMIZED",17,"/products/20",6.24,1.69,1,1,1,3240
168,2026-09-26T16:49:32.784Z,"Throttled 3G","OPTIMIZED",18,"/products/27",417.93,402.22,0,0,1,3240
169,2026-09-26T16:49:44.784Z,"Throttled 3G","OPTIMIZED",19,"/products/34",5.7,1.06,1,1,1,3240
170,2026-09-26T16:49:56.784Z,"Throttled 3G","OPTIMIZED",20,"/products/41",3.38,1.21,1,1,1,3240
171,2026-09-26T16:50:08.784Z,"Throttled 3G","OPTIMIZED",21,"/products/48",4.58,1.5,1,1,1,3240
172,2026-09-26T16:50:20.784Z,"Throttled 3G","OPTIMIZED",22,"/products/5",4.9,1.21,1,1,1,3240
173,2026-09-26T16:50:32.784Z,"Throttled 3G","OPTIMIZED",23,"/products/12",388.3,371.43,0,0,1,3240
174,2026-09-26T16:50:44.784Z,"Throttled 3G","OPTIMIZED",24,"/products/19",382.65,360.22,0,0,2,3240
175,2026-09-26T16:50:56.784Z,"Throttled 3G","OPTIMIZED",25,"/products/26",357.3,342.28,0,0,1,3240
176,2026-09-26T16:51:08.784Z,"Throttled 3G","OPTIMIZED",26,"/products/33",6.68,1.32,1,1,1,3240
177,2026-09-26T16:51:20.784Z,"Throttled 3G","OPTIMIZED",27,"/products/40",5.01,1.24,1,1,1,3240
178,2026-09-26T16:51:32.784Z,"Throttled 3G","OPTIMIZED",28,"/products/47",476.43,460.93,0,0,1,3240
179,2026-09-26T16:51:44.784Z,"Throttled 3G","OPTIMIZED",29,"/products/4",5.72,2.07,1,1,1,3240
180,2026-09-26T16:51:56.784Z,"Throttled 3G","OPTIMIZED",30,"/products/11",338.34,318.1,0,0,2,3240